SUPPLIER_ID;SUPPLIER_NAME;SUPPLIER_COUNTRY;SUPPLIER_ADDRESS;SUPPLIER_CITY;SUPPLIER_EMAIL;SUPPLIER_PHONE;SUPPLIER_WEBSITE;SUPPLIER_TYPE
S158;StandSolutions;Russia;Tverskaya St 7, Moscow, Russia;Moscow;support@standsolutions.ru;+7 495 1234567;http://standsolutions.ru;Manufacturer
S151;VisionCam_DE;Germany;Kaiserstraße 34, 44135 Dortmund, Germany;Dortmund;info@visioncam.de;+49 231 99887766;http://visioncam.de;Manufacturer
S173;VisionCam_UA;Ukraine;Khreshchatyk St 22, Kyiv, Ukraine;Kyiv;info@visioncam.ua;+380 44 7788990;http://visioncam.ua;Manufacturer
S134;GamingTech_US;USA;500 Tech Park, San Jose, CA 95110, USA;San Jose;contact@gamingtech.us;+1 408 9988776;http://gamingtech.us;Manufacturer
S137;GamingGear_CN;China;Zhongguancun St 45, Beijing, China;Beijing;info@gaminggear.cn;+86 10 44556677;http://gaminggear.cn;Manufacturer
S138;ProTech_IR;Iran;Valiasr St 123, Tehran, Iran;Tehran;support@protech.ir;+98 21 88776655;http://protech.ir;Manufacturer
S140;Sennheiser;Germany;Am Borsigturm 1, 13507 Berlin, Germany;Berlin;contact@sennheiser.de;+49 30 99887711;http://sennheiser.de;Manufacturer
S144;GamingGear_VN;Vietnam;123 Nguyen Trai, Ho Chi Minh City, Vietnam;Ho Chi Minh City;info@gaminggear.vn;+84 28 33445566;http://gaminggear.vn;Manufacturer
S147;ProTech_KP;North Korea;Ryomyong Street 5, Pyongyang, North Korea;Pyongyang;support@protech.kp;+850 2 998877;http://protech.kp;Manufacturer
S148;SoundTech;India;Plot 22, Electronic City, Bangalore, India;Bangalore;info@soundtech.in;+91 80 44556677;http://soundtech.in;Manufacturer
S151;ProTech_MX;Mexico;Calle Reforma 100, Mexico City, Mexico;Mexico City;support@protech.mx;+52 55 77889900;http://protech.mx;Manufacturer
S152;GamingGear_ID;Indonesia;Jl. Sudirman 55, Jakarta, Indonesia;Jakarta;info@gaminggear.id;+62 21 33445566;http://gaminggear.id;Manufacturer
S154;GamingGear_PK;Pakistan;Main Blvd 10, Lahore, Pakistan;Lahore;info@gaminggear.pk;+92 42 99887766;http://gaminggear.pk;Manufacturer
S156;GamingTech_BR;Brazil;Av. Paulista 1234, São Paulo, Brazil;São Paulo;contact@gamingtech.br;+55 11 44556677;http://gamingtech.br;Manufacturer
S157;ProTech_TR;Turkey;Ataturk Bulvari 99, Ankara, Turkey;Ankara;support@protech.tr;+90 312 3344556;http://protech.tr;Manufacturer
S159;ProTech_NG;Nigeria;Lekki Phase 1, Lagos, Nigeria;Lagos;support@protech.ng;+234 1 44556677;http://protech.ng;Manufacturer
S161;SoundTech_AR;Argentina;Av. Corrientes 456, Buenos Aires, Argentina;Buenos Aires;info@soundtech.ar;+54 11 66554433;http://soundtech.ar;Manufacturer
S162;GamingTech_IL;Israel;HaHashmonaim St 100, Tel Aviv, Israel;Tel Aviv;contact@gamingtech.il;+972 3 44556677;http://gamingtech.il;Manufacturer
S163;GamingGear_ZA;South Africa;Nelson Mandela Blvd 12, Johannesburg, South Africa;Johannesburg;info@gaminggear.co.za;+27 11 33445566;http://gaminggear.co.za;Manufacturer
S165;GamingGear_MM;Myanmar;Kabar Aye Pagoda Road, Yangon, Myanmar;Yangon;info@gaminggear.mm;+95 1 99887766;http://gaminggear.mm;Manufacturer
S167;GamingTech_PH;Philippines;Ayala Ave, Makati, Metro Manila, Philippines;Makati;contact@gamingtech.ph;+63 2 44556677;http://gamingtech.ph;Manufacturer
S168;ProTech_VE;Venezuela;Av. Libertador 150, Caracas, Venezuela;Caracas;support@protech.ve;+58 212 998877;http://protech.ve;Manufacturer
S172;ProTech_BY;Belarus;Prospekt Nezavisimosti 100, Minsk, Belarus;Minsk;support@protech.by;+375 17 4455667;http://protech.by;Manufacturer
S173;GamingTech_BD;Bangladesh;Gulshan Ave 5, Dhaka, Bangladesh;Dhaka;contact@gamingtech.bd;+880 2 33445566;http://gamingtech.bd;Manufacturer
S177;GamingGear_SA;Saudi Arabia;King Fahd Rd 250, Riyadh, Saudi Arabia;Riyadh;info@gaminggear.sa;+966 11 44556677;http://gaminggear.sa;Manufacturer
S178;ProTech_RS;Serbia;Bulevar Kralja Aleksandra 73, Belgrade, Serbia;Belgrade;support@protech.rs;+381 11 66554433;http://protech.rs;Manufacturer
S181;ProTech_EG;Egypt;Nasr City, Cairo, Egypt;Cairo;support@protech.eg;+20 2 33445566;http://protech.eg;Manufacturer
S182;GamingTech_TH;Thailand;Sukhumvit Road, Bangkok, Thailand;Bangkok;contact@gamingtech.th;+66 2 44556677;http://gamingtech.th;Manufacturer
S184;GamingTech_ET;Ethiopia;Bole Road, Addis Ababa, Ethiopia;Addis Ababa;contact@gamingtech.et;+251 11 44556677;http://gamingtech.et;Manufacturer
S185;ProTech_AF;Afghanistan;Shahr-e Naw, Kabul, Afghanistan;Kabul;support@protech.af;+93 20 1122334;http://protech.af;Manufacturer
S186;GamingGear_CO;Colombia;Cra. 7 #65-01, Bogotá, Colombia;Bogotá;info@gaminggear.co;+57 1 77889900;http://gaminggear.co;Manufacturer
S188;ProTech_KZ;Kazakhstan;Tole Bi St 50, Almaty, Kazakhstan;Almaty;support@protech.kz;+7 727 44556677;http://protech.kz;Manufacturer
